http://www.remobile.pl/pl/biura/warszawa-wlochy/17-stycznia-56,954#64f945d5
http://www.remobile.pl/pl/biura/warszawa-mokotow/adgar-business-center-podnajem,1879#64f945d5
http://www.remobile.pl/pl/biura/warszawa-mokotow/adgar-business-center-i,243#64f945d5
http://www.remobile.pl/pl/biura/warszawa-ochota/adgar-park-west,328#64f945d5
http://www.remobile.pl/pl/biura/warszawa-mokotow/adgar-plaza-a,245#64f945d5
http://www.remobile.pl/pl/biura/warszawa-mokotow/adgar-plaza-b,349#64f945d5
http://www.remobile.pl/pl/biura/warszawa-mokotow/adgar-wave,255#64f945d5
http://www.remobile.pl/pl/biura/warszawa-mokotow/adgar-wave-podnajem,1829#64f945d5
http://www.remobile.pl/pl/biura/warszawa-wlochy/aeropark-i---nothus,329#64f945d5
http://www.remobile.pl/pl/biura/warszawa-wlochy/aeropark-ii---zephirus,356#64f945d5
http://www.remobile.pl/pl/biura/warszawa-wlochy/aeropark-iii---corius,357#64f945d5
http://www.remobile.pl/pl/biura/warszawa-wlochy/aeropark-iii---corius-podnajem,2001#64f945d5
http://www.remobile.pl/pl/biura/warszawa-wola/airtech-business-park-i,1340#64f945d5
http://www.remobile.pl/pl/biura/warszawa-wola/airtech-business-park-ii,1341#64f945d5
http://www.remobile.pl/pl/biura/warszawa-wola/airtech-business-park-iii,1926#64f945d5
http://www.remobile.pl/pl/biura/warszawa-mokotow/alma,247#64f945d5
http://www.remobile.pl/pl/biura/warszawa-wilanow/alto-wilanow,1236#64f945d5
http://www.remobile.pl/pl/biura/warszawa-mokotow/ambassador-office-building,641#64f945d5
http://www.remobile.pl/pl/biura/warszawa-mokotow/amber-mokotow,1014#64f945d5
http://www.remobile.pl/pl/biura/warszawa-mokotow/amerestate,1344#64f945d5
http://www.remobile.pl/pl/biura/warszawa-srodmiescie/amew-invest,1345#64f945d5
http://www.remobile.pl/pl/biura/warszawa-praga-poludnie/anb-ostrobramska,1346#64f945d5
http://www.remobile.pl/pl/biura/warszawa-bialoleka/annopol-logistic-park--annopol-business-park,1560#64f945d5
http://www.remobile.pl/pl/biura/warszawa-mokotow/antares,248#64f945d5
http://www.remobile.pl/pl/biura/warszawa-wlochy/apis,1704#64f945d5
http://www.remobile.pl/pl/biura/warszawa-bemowo/aquarius,292#64f945d5
http://www.remobile.pl/pl/biura/warszawa-wola/artn,1233#64f945d5
http://www.remobile.pl/pl/biura/warszawa-srodmiescie/astoria,1656#64f945d5
http://www.remobile.pl/pl/biura/warszawa-wlochy/astrum-business-park---phase-i,1292#64f945d5
http://www.remobile.pl/pl/biura/warszawa-wlochy/astrum-business-park---phase-ii,1293#64f945d5
http://www.remobile.pl/pl/biura/warszawa-zoliborz/athina-park,293#64f945d5
http://www.remobile.pl/pl/biura/warszawa-srodmiescie/atrium-centrum,178#64f945d5
http://www.remobile.pl/pl/biura/warszawa-srodmiescie/atrium-garden-deloitte-house,180#64f945d5
http://www.remobile.pl/pl/biura/warszawa-srodmiescie/atrium-international-business-center,181#64f945d5
http://www.remobile.pl/pl/biura/warszawa-srodmiescie/atrium-plaza,183#64f945d5
http://www.remobile.pl/pl/biura/warszawa-srodmiescie/atrium-tower,186#64f945d5
http://www.remobile.pl/pl/biura/warszawa-srodmiescie/atrium-tower-podnajem,2011#64f945d5
http://www.remobile.pl/pl/biura/warszawa-zoliborz/babka-tower,294#64f945d5
http://www.remobile.pl/pl/biura/warszawa-wlochy/batory-office-building-i,295#64f945d5
http://www.remobile.pl/pl/biura/warszawa-wlochy/batory-office-building-ii,350#64f945d5
http://www.remobile.pl/pl/biura/warszawa-mokotow/beethovena-business-park,1715#64f945d5
http://www.remobile.pl/pl/biura/warszawa-mokotow/belvedere-plaza,679#64f945d5
http://www.remobile.pl/pl/biura/warszawa-wola/bema-83,402#64f945d5
http://www.remobile.pl/pl/biura/warszawa-wola/bema-89,1258#64f945d5
http://www.remobile.pl/pl/biura/warszawa-bielany/bielany-business-center,1351#64f945d5
http://www.remobile.pl/pl/biura/warszawa-ochota/bitwy-warszawskiej-business-center,296#64f945d5
http://www.remobile.pl/pl/biura/warszawa-srodmiescie/biura-koszyki,1592#64f945d5
http://www.remobile.pl/pl/biura/warszawa-srodmiescie/bliski-centrum,412#64f945d5
http://www.remobile.pl/pl/biura/warszawa-ochota/blue-office-podnajem,2031#64f945d5
http://www.remobile.pl/pl/biura/warszawa-ochota/brama-zachodnia,298#64f945d5
http://www.remobile.pl/pl/biura/warszawa-wola/browary-warszawskie,1998#64f945d5
http://www.remobile.pl/pl/biura/warszawa/btd-office-building-podnajem,2003#64f945d5
http://www.remobile.pl/pl/biura/warszawa-ochota/business-garden-ii-podnajem,1999#64f945d5
http://www.remobile.pl/pl/biura/warszawa-wlochy/business-garden-iii,1022#64f945d5
http://www.remobile.pl/pl/biura/warszawa-wlochy/business-garden-iv,1023#64f945d5
http://www.remobile.pl/pl/biura/warszawa-wlochy/business-garden-v,1025#64f945d5
http://www.remobile.pl/pl/biura/warszawa-wlochy/business-garden-vi,1026#64f945d5
http://www.remobile.pl/pl/biura/warszawa-wlochy/business-garden-vii,1027#64f945d5
http://www.remobile.pl/pl/biura/warszawa-srodmiescie/blekitny-wiezowiec,188#64f945d5
http://www.remobile.pl/pl/biura/warszawa-wola/c12a,1201#64f945d5
http://www.remobile.pl/pl/biura/warszawa-srodmiescie/carpathia-office-house,1098#64f945d5
http://www.remobile.pl/pl/biura/warszawa-mokotow/catalina-office-center,254#64f945d5
http://www.remobile.pl/pl/biura/warszawa-srodmiescie/cbd-one,1996#64f945d5
http://www.remobile.pl/pl/biura/warszawa-srodmiescie/cedet,1541#64f945d5
http://www.remobile.pl/pl/biura/warszawa/central-tower-d-orco-tower--podnajem,2043#64f945d5
http://www.remobile.pl/pl/biura/warszawa-srodmiescie/central-tower-d-orco-tower,215#64f945d5
http://www.remobile.pl/pl/biura/warszawa-srodmiescie/centrum-biurowe-bipromasz,1306#64f945d5
http://www.remobile.pl/pl/biura/warszawa-srodmiescie/centrum-biurowe-krucza,909#64f945d5
http://www.remobile.pl/pl/biura/warszawa-srodmiescie/centrum-biurowe-organika,1305#64f945d5
http://www.remobile.pl/pl/biura/warszawa-wlochy/centrum-finansowe-okecie,391#64f945d5
http://www.remobile.pl/pl/biura/warszawa-srodmiescie/centrum-jasna,165#64f945d5
http://www.remobile.pl/pl/biura/warszawa-srodmiescie/centrum-krolewska,166#64f945d5
http://www.remobile.pl/pl/biura/warszawa-srodmiescie/centrum-lim,205#64f945d5
http://www.remobile.pl/pl/biura/warszawa-srodmiescie/centrum-lim-podnajem,2004#64f945d5
http://www.remobile.pl/pl/biura/warszawa-srodmiescie/centrum-marszalkowska,1399#64f945d5
http://www.remobile.pl/pl/biura/warszawa-praga-polnoc/centrum-milenium,300#64f945d5
http://www.remobile.pl/pl/biura/warszawa-wola/centrum-zelazna,242#64f945d5
http://www.remobile.pl/pl/biura/warszawa-srodmiescie/centrum-zielna,190#64f945d5
http://www.remobile.pl/pl/biura/warszawa-srodmiescie/chmielna-132134,176#64f945d5
http://www.remobile.pl/pl/biura/warszawa-srodmiescie/chmielna-25,1016#64f945d5
http://www.remobile.pl/pl/biura/warszawa-wlochy/city-star-office-center,415#64f945d5
http://www.remobile.pl/pl/biura/warszawa-mokotow/collins-tower,1336#64f945d5
http://www.remobile.pl/pl/biura/warszawa-wola/concept-tower,812#64f945d5
http://www.remobile.pl/pl/biura/warszawa-wola/crown-square,305#64f945d5
http://www.remobile.pl/pl/biura/warszawa-wlochy/cta-plaza,922#64f945d5
http://www.remobile.pl/pl/biura/warszawa-mokotow/curtis-plaza,676#64f945d5
http://www.remobile.pl/pl/biura/warszawa-mokotow/cybernetyki-19-a,393#64f945d5
http://www.remobile.pl/pl/biura/warszawa-mokotow/cybernetyki-19-b,256#64f945d5
http://www.remobile.pl/pl/biura/warszawa/cybernetyki-7b,2030#64f945d5
http://www.remobile.pl/pl/biura/warszawa-mokotow/cybernetyki-office-center,257#64f945d5
http://www.remobile.pl/pl/biura/warszawa-mokotow/cybernetyki-office-park---helion,258#64f945d5
http://www.remobile.pl/pl/biura/warszawa-mokotow/d48,1917#64f945d5
http://www.remobile.pl/pl/biura/warszawa-srodmiescie/dom-dochodowy-o-trzech-frontach,192#64f945d5
http://www.remobile.pl/pl/biura/warszawa-mokotow/domaniewska-45,1242#64f945d5
http://www.remobile.pl/pl/biura/warszawa-mokotow/domaniewska-business-center-business-liner,1976#64f945d5
http://www.remobile.pl/pl/biura/warszawa-mokotow/domaniewska-office-hub,1183#64f945d5
http://www.remobile.pl/pl/biura/warszawa-mokotow/domaniewska-office-park-alfa,417#64f945d5
http://www.remobile.pl/pl/biura/warszawa-mokotow/domaniewska-office-park-beta,1337#64f945d5
http://www.remobile.pl/pl/biura/warszawa-praga-polnoc/dominanta-praska,307#64f945d5
http://www.remobile.pl/pl/biura/warszawa-srodmiescie/dubois--lewartowskiego-6,913#64f945d5
http://www.remobile.pl/pl/biura/warszawa-srodmiescie/ec-powisle,832#64f945d5
http://www.remobile.pl/pl/biura/warszawa-praga-poludnie/ede-office-park,971#64f945d5
http://www.remobile.pl/pl/biura/warszawa-mokotow/empark-mokotow-business-park---mars,405#64f945d5
http://www.remobile.pl/pl/biura/warszawa-mokotow/empark-mokotow-business-park---neptun,407#64f945d5
http://www.remobile.pl/pl/biura/warszawa-mokotow/empark-mokotow-business-park---orion,408#64f945d5
http://www.remobile.pl/pl/biura/warszawa-mokotow/empark-mokotow-business-park---saturn,409#64f945d5
http://www.remobile.pl/pl/biura/warszawa-mokotow/empark-mokotow-business-park---sirius,410#64f945d5
http://www.remobile.pl/pl/biura/warszawa-mokotow/empark-mokotow-business-park---taurus,411#64f945d5
http://www.remobile.pl/pl/biura/warszawa-mokotow/empark-mokotow-business-park---vega,261#64f945d5
http://www.remobile.pl/pl/biura/warszawa-wola/eqlibrium,1396#64f945d5
http://www.remobile.pl/pl/biura/warszawa-ochota/equator-i,308#64f945d5
http://www.remobile.pl/pl/biura/warszawa-ochota/equator-ii,418#64f945d5
http://www.remobile.pl/pl/biura/warszawa-ochota/equator-iv,1883#64f945d5
http://www.remobile.pl/pl/biura/warszawa-srodmiescie/ethos-d-holland-park,196#64f945d5
http://www.remobile.pl/pl/biura/warszawa-mokotow/eureka-park-i,732#64f945d5
http://www.remobile.pl/pl/biura/warszawa-mokotow/eureka-park-ii,733#64f945d5
http://www.remobile.pl/pl/biura/warszawa-mokotow/eureka-park-v,276#64f945d5
http://www.remobile.pl/pl/biura/warszawa-ochota/eurocentrum-alfa,309#64f945d5
http://www.remobile.pl/pl/biura/warszawa-ochota/eurocentrum-alfa-podnajem,1985#64f945d5
http://www.remobile.pl/pl/biura/warszawa-ochota/eurocentrum-office-complex-i,827#64f945d5
http://www.remobile.pl/pl/biura/warszawa-ochota/eurocentrum-office-complex-ii,1415#64f945d5
http://www.remobile.pl/pl/biura/warszawa-srodmiescie/europejski,1721#64f945d5
http://www.remobile.pl/pl/biura/warszawa-mokotow/europlex,263#64f945d5
http://www.remobile.pl/pl/biura/warszawa-mokotow/f2-boutique-office,2027#64f945d5
http://www.remobile.pl/pl/biura/warszawa-ursynow/fds-plaza,310#64f945d5
http://www.remobile.pl/pl/biura/warszawa-praga-poludnie/finlandzka-10,1253#64f945d5
http://www.remobile.pl/pl/biura/warszawa-wlochy/flanders-business-park-b,351#64f945d5
http://www.remobile.pl/pl/biura/warszawa-wlochy/flanders-business-park-c,657#64f945d5
http://www.remobile.pl/pl/biura/warszawa-wlochy/flanders-business-park-d,1523#64f945d5
http://www.remobile.pl/pl/biura/warszawa-wlochy/flanders-business-park-e,1524#64f945d5
http://www.remobile.pl/pl/biura/warszawa-srodmiescie/focus,167#64f945d5
http://www.remobile.pl/pl/biura/warszawa-srodmiescie/focus-podnajem,1882#64f945d5
http://www.remobile.pl/pl/biura/warszawa-srodmiescie/foksal-18-nowy-swiat-32,940#64f945d5
http://www.remobile.pl/pl/biura/warszawa-srodmiescie/fredry-6,1974#64f945d5
http://www.remobile.pl/pl/biura/warszawa/fredry-8,2025#64f945d5
http://www.remobile.pl/pl/biura/warszawa-srodmiescie/fundacja-batorego,871#64f945d5
http://www.remobile.pl/pl/biura/warszawa-mokotow/galeria-park,707#64f945d5
http://www.remobile.pl/pl/biura/warszawa-wlochy/gate-one-business-park,1401#64f945d5
http://www.remobile.pl/pl/biura/warszawa-srodmiescie/gdanski-business-center-i,1048#64f945d5
http://www.remobile.pl/pl/biura/warszawa-srodmiescie/gdanski-business-center-ii,1598#64f945d5
http://www.remobile.pl/pl/biura/warszawa-wlochy/gebo,677#64f945d5
http://www.remobile.pl/pl/biura/warszawa-wola/generation-park,1475#64f945d5
http://www.remobile.pl/pl/biura/warszawa-ursus/gorna-droga-5,1576#64f945d5
http://www.remobile.pl/pl/biura/warszawa-mokotow/graffit,1723#64f945d5
http://www.remobile.pl/pl/biura/warszawa-ochota/green-house,312#64f945d5
http://www.remobile.pl/pl/biura/warszawa-wlochy/greenwings-offices,1015#64f945d5
http://www.remobile.pl/pl/biura/warszawa-ochota/grojecka-5,225#64f945d5
http://www.remobile.pl/pl/biura/warszawa-ochota/grojecka-offices,1400#64f945d5
http://www.remobile.pl/pl/biura/warszawa-wola/grzybowska-43,1590#64f945d5
http://www.remobile.pl/pl/biura/warszawa-srodmiescie/grzybowska-park,195#64f945d5
http://www.remobile.pl/pl/biura/warszawa-srodmiescie/grzybowski-squarecosmopolitan,1139#64f945d5
http://www.remobile.pl/pl/biura/warszawa-wlochy/gladka,1823#64f945d5
http://www.remobile.pl/pl/biura/warszawa-mokotow/harmony-office-centre--millennium-park-c,1333#64f945d5
http://www.remobile.pl/pl/biura/warszawa-bielany/heroldow,1214#64f945d5
http://www.remobile.pl/pl/biura/warszawa-praga-poludnie/hnw-center,1596#64f945d5
http://www.remobile.pl/pl/biura/warszawa-mokotow/horizon-plaza,264#64f945d5
http://www.remobile.pl/pl/biura/warszawa-wola/hrubieszowska-6a,1601#64f945d5
http://www.remobile.pl/pl/biura/warszawa-mokotow/infinicity,1481#64f945d5
http://www.remobile.pl/pl/biura/warszawa-srodmiescie/international-business-center-i,198#64f945d5
http://www.remobile.pl/pl/biura/warszawa-srodmiescie/international-business-center-ii,199#64f945d5
http://www.remobile.pl/pl/biura/warszawa-srodmiescie/intraco,313#64f945d5
http://www.remobile.pl/pl/biura/warszawa-mokotow/io-1,265#64f945d5
http://www.remobile.pl/pl/biura/warszawa-zoliborz/irydion,314#64f945d5
http://www.remobile.pl/pl/biura/warszawa/j200-jerozolimskie-200,1975#64f945d5
http://www.remobile.pl/pl/biura/warszawa-srodmiescie/j44-d-universal,1878#64f945d5
http://www.remobile.pl/pl/biura/warszawa-srodmiescie/jasna-24,895#64f945d5
http://www.remobile.pl/pl/biura/warszawa-srodmiescie/jasna-residence,647#64f945d5
http://www.remobile.pl/pl/biura/warszawa-mokotow/jasnier,1335#64f945d5
http://www.remobile.pl/pl/biura/warszawa-ochota/jerozolimskie-business-park-a,315#64f945d5
http://www.remobile.pl/pl/biura/warszawa-ochota/jerozolimskie-business-park-c,431#64f945d5
http://www.remobile.pl/pl/biura/warszawa-ochota/jerozolimskie-business-park-d,316#64f945d5
http://www.remobile.pl/pl/biura/warszawa-wlochy/jerozolimskie-company-house-ii,317#64f945d5
http://www.remobile.pl/pl/biura/warszawa-bielany/kabaretowa-21,1406#64f945d5
http://www.remobile.pl/pl/biura/warszawa-praga-poludnie/kamionkowska-45-duzy-kamionek,711#64f945d5
http://www.remobile.pl/pl/biura/warszawa-srodmiescie/karmelicka-point,1228#64f945d5
http://www.remobile.pl/pl/biura/warszawa-wola/karolkowa-business-park,597#64f945d5
http://www.remobile.pl/pl/biura/warszawa-srodmiescie/karowa-31,979#64f945d5
http://www.remobile.pl/pl/biura/warszawa-srodmiescie/kaskada,202#64f945d5
http://www.remobile.pl/pl/biura/warszawa-mokotow/kielecka-23,931#64f945d5
http://www.remobile.pl/pl/biura/warszawa-praga-polnoc/kijowska-5,1019#64f945d5
http://www.remobile.pl/pl/biura/warszawa-mokotow/kliwer,527#64f945d5
http://www.remobile.pl/pl/biura/warszawa-wola/kolejowa-19,1193#64f945d5
http://www.remobile.pl/pl/biura/warszawa-wola/kolmet,783#64f945d5
http://www.remobile.pl/pl/biura/warszawa-wola/kolmex,203#64f945d5
http://www.remobile.pl/pl/biura/warszawa-praga-polnoc/koneser-budynek-c,1058#64f945d5
http://www.remobile.pl/pl/biura/warszawa-praga-polnoc/koneser-budynek-h,1837#64f945d5
http://www.remobile.pl/pl/biura/warszawa-praga-polnoc/koneser-budynek-o,1838#64f945d5
http://www.remobile.pl/pl/biura/warszawa-praga-polnoc/koneser-budynek-p,1839#64f945d5
http://www.remobile.pl/pl/biura/warszawa-mokotow/konstruktorska-business-center,266#64f945d5
http://www.remobile.pl/pl/biura/warszawa-wlochy/kopernik-office-building-a,319#64f945d5
http://www.remobile.pl/pl/biura/warszawa-wlochy/kopernik-office-building-b,352#64f945d5
http://www.remobile.pl/pl/biura/warszawa-wlochy/kopernik-office-building-c,353#64f945d5
http://www.remobile.pl/pl/biura/warszawa-wlochy/kopernik-office-building-e,355#64f945d5
http://www.remobile.pl/pl/biura/warszawa-srodmiescie/kopernika-21,1291#64f945d5
http://www.remobile.pl/pl/biura/warszawa-srodmiescie/koszykowa-54,201#64f945d5
http://www.remobile.pl/pl/biura/warszawa-wlochy/krakowska-distribution-park,674#64f945d5
http://www.remobile.pl/pl/biura/warszawa-srodmiescie/krolewska,1567#64f945d5
http://www.remobile.pl/pl/biura/warszawa-srodmiescie/krucza-house,635#64f945d5
http://www.remobile.pl/pl/biura/warszawa-srodmiescie/le-palais,945#64f945d5
http://www.remobile.pl/pl/biura/warszawa-wola/leszno-12,320#64f945d5
http://www.remobile.pl/pl/biura/warszawa-wola/leszno-14,321#64f945d5
http://www.remobile.pl/pl/biura/warszawa-srodmiescie/liberty-corner,204#64f945d5
http://www.remobile.pl/pl/biura/warszawa-wlochy/libra-business-centre-ii,322#64f945d5
http://www.remobile.pl/pl/biura/warszawa-srodmiescie/lipinski-passage,671#64f945d5
http://www.remobile.pl/pl/biura/warszawa-ochota/lirowa-27,1283#64f945d5
http://www.remobile.pl/pl/biura/warszawa-srodmiescie/ludna-2,529#64f945d5
http://www.remobile.pl/pl/biura/warszawa-srodmiescie/lumen,158#64f945d5
http://www.remobile.pl/pl/biura/warszawa-srodmiescie/lumen-podnajem,2002#64f945d5
http://www.remobile.pl/pl/biura/warszawa-srodmiescie/m76,207#64f945d5
http://www.remobile.pl/pl/biura/warszawa-mokotow/malczewskiego-54,2019#64f945d5
http://www.remobile.pl/pl/biura/warszawa-srodmiescie/marszalkowska-72,1874#64f945d5
http://www.remobile.pl/pl/biura/warszawa-mokotow/marynarska-business-park,268#64f945d5
http://www.remobile.pl/pl/biura/warszawa-mokotow/marynarska-point-ii,288#64f945d5
http://www.remobile.pl/pl/biura/warszawa-srodmiescie/mazowiecka-24,1043#64f945d5
http://www.remobile.pl/pl/biura/warszawa-srodmiescie/mala-pasta--piekna-19,1197#64f945d5
http://www.remobile.pl/pl/biura/warszawa-srodmiescie/malachowski-square--plac-malachowskiego,1042#64f945d5
http://www.remobile.pl/pl/biura/warszawa-praga-poludnie/maly-kamionek,713#64f945d5
http://www.remobile.pl/pl/biura/warszawa-mokotow/mcx,270#64f945d5
http://www.remobile.pl/pl/biura/warszawa-ochota/medhouse---bitwy-warszawskiej-1920r-18,1534#64f945d5
http://www.remobile.pl/pl/biura/warszawa-wola/mennica-legacy-tower,1459#64f945d5
http://www.remobile.pl/pl/biura/warszawa-mokotow/merlini,1841#64f945d5
http://www.remobile.pl/pl/biura/warszawa-mokotow/metron-btc-office-building-podnajem,2005#64f945d5
http://www.remobile.pl/pl/biura/warszawa-srodmiescie/metropolitan,160#64f945d5
http://www.remobile.pl/pl/biura/warszawa-srodmiescie/millennium-plaza,208#64f945d5
http://www.remobile.pl/pl/biura/warszawa-praga-poludnie/minska-25,857#64f945d5
http://www.remobile.pl/pl/biura/warszawa-mokotow/mokotow-box--plaza-2000,1356#64f945d5
http://www.remobile.pl/pl/biura/warszawa-mokotow/mokotow-nova,673#64f945d5
http://www.remobile.pl/pl/biura/warszawa-mokotow/mokotow-plaza-i,272#64f945d5
http://www.remobile.pl/pl/biura/warszawa-srodmiescie/mokotowska-33,1542#64f945d5
http://www.remobile.pl/pl/biura/warszawa-srodmiescie/mokotowska-square,209#64f945d5
http://www.remobile.pl/pl/biura/warszawa-mokotow/mon-grand-plaisir,273#64f945d5
http://www.remobile.pl/pl/biura/warszawa-srodmiescie/moniuszki-1a,1247#64f945d5
http://www.remobile.pl/pl/biura/warszawa-srodmiescie/n21,211#64f945d5
http://www.remobile.pl/pl/biura/warszawa-mokotow/nabielaka-6,983#64f945d5
http://www.remobile.pl/pl/biura/warszawa-ursynow/natpoll-business-center,1575#64f945d5
http://www.remobile.pl/pl/biura/warszawa-srodmiescie/nautilus,212#64f945d5
http://www.remobile.pl/pl/biura/warszawa-mokotow/nc3,1251#64f945d5
http://www.remobile.pl/pl/biura/warszawa-mokotow/nefryt,274#64f945d5
http://www.remobile.pl/pl/biura/warszawa-mokotow/neopark,1477#64f945d5
http://www.remobile.pl/pl/biura/warszawa-mokotow/new-city,275#64f945d5
http://www.remobile.pl/pl/biura/warszawa-ochota/nimbus-office,1141#64f945d5
http://www.remobile.pl/pl/biura/warszawa-bialoleka/nord-point,1255#64f945d5
http://www.remobile.pl/pl/biura/warszawa-wola/nordea-housegreen-corner,831#64f945d5
http://www.remobile.pl/pl/biura/warszawa-srodmiescie/nordic-park,213#64f945d5
http://www.remobile.pl/pl/biura/warszawa-bialoleka/nordkapp,1718#64f945d5
http://www.remobile.pl/pl/biura/warszawa-srodmiescie/north-gate,420#64f945d5
http://www.remobile.pl/pl/biura/warszawa-srodmiescie/norway-house,214#64f945d5
http://www.remobile.pl/pl/biura/warszawa-srodmiescie/nowogrodzka-31,1308#64f945d5
http://www.remobile.pl/pl/biura/warszawa-srodmiescie/nowogrodzka-62c,1262#64f945d5
http://www.remobile.pl/pl/biura/warszawa-srodmiescie/nowogrodzka-square,1655#64f945d5
http://www.remobile.pl/pl/biura/warszawa-srodmiescie/nowy-dom-jablkowskich,824#64f945d5
http://www.remobile.pl/pl/biura/warszawa-srodmiescie/nowy-swiat-19,1886#64f945d5
http://www.remobile.pl/pl/biura/warszawa-srodmiescie/nowy-swiat-20,1349#64f945d5
http://www.remobile.pl/pl/biura/warszawa-mokotow/ocean-plaza,1922#64f945d5
http://www.remobile.pl/pl/biura/warszawa-wola/okopowa-56,1570#64f945d5
http://www.remobile.pl/pl/biura/warszawa-mokotow/olkuska-7,1225#64f945d5
http://www.remobile.pl/pl/biura/warszawa-praga-poludnie/ostrobramska-101-a,330#64f945d5
http://www.remobile.pl/pl/biura/warszawa-srodmiescie/oxford-tower-intraco-ii,216#64f945d5
http://www.remobile.pl/pl/biura/warszawa-srodmiescie/p20-office--business,221#64f945d5
http://www.remobile.pl/pl/biura/warszawa-srodmiescie/panska-corner,905#64f945d5
http://www.remobile.pl/pl/biura/warszawa-srodmiescie/park-avenue,1210#64f945d5
http://www.remobile.pl/pl/biura/warszawa-mokotow/park-postepu,277#64f945d5
http://www.remobile.pl/pl/biura/warszawa-mokotow/park-rozwoju-i,-ii,1200#64f945d5
http://www.remobile.pl/pl/biura/warszawa-ursynow/parkur-tower,399#64f945d5
http://www.remobile.pl/pl/biura/warszawa-praga-poludnie/pge-narodowy,1419#64f945d5
http://www.remobile.pl/pl/biura/warszawa-wlochy/philips-house,1301#64f945d5
http://www.remobile.pl/pl/biura/warszawa-srodmiescie/piekna-49,1938#64f945d5
http://www.remobile.pl/pl/biura/warszawa-srodmiescie/piekna-68,892#64f945d5
http://www.remobile.pl/pl/biura/warszawa-wlochy/pilchowicka-911,955#64f945d5
http://www.remobile.pl/pl/biura/warszawa-ursynow/pileckiego-office,1940#64f945d5
http://www.remobile.pl/pl/biura/warszawa-mokotow/plac-unii,698#64f945d5
http://www.remobile.pl/pl/biura/warszawa-srodmiescie/plac-zamkowy,1280#64f945d5
http://www.remobile.pl/pl/biura/warszawa-ursynow/platan-park-i,331#64f945d5
http://www.remobile.pl/pl/biura/warszawa-ursynow/platan-park-ii,348#64f945d5
http://www.remobile.pl/pl/biura/warszawa-mokotow/platinium-business-park-i,290#64f945d5
http://www.remobile.pl/pl/biura/warszawa-mokotow/platinium-business-park-iii,171#64f945d5
http://www.remobile.pl/pl/biura/warszawa-mokotow/platinium-business-park-iv,872#64f945d5
http://www.remobile.pl/pl/biura/warszawa-ursynow/poleczki-3,701#64f945d5
http://www.remobile.pl/pl/biura/warszawa-ursynow/poleczki-business-park,881#64f945d5
http://www.remobile.pl/pl/biura/warszawa-srodmiescie/polna-corner-polna-40,1988#64f945d5
http://www.remobile.pl/pl/biura/warszawa-ursynow/porcel,400#64f945d5
http://www.remobile.pl/pl/biura/warszawa-wola/portico-office-building,1653#64f945d5
http://www.remobile.pl/pl/biura/warszawa-praga-poludnie/poselska-11,1412#64f945d5
http://www.remobile.pl/pl/biura/warszawa-mokotow/postepu-14,1184#64f945d5
http://www.remobile.pl/pl/biura/warszawa-mokotow/postepu-3-polkomtel-hq,1362#64f945d5
http://www.remobile.pl/pl/biura/warszawa-mokotow/postepu-4--p4-i,1712#64f945d5
http://www.remobile.pl/pl/biura/warszawa-srodmiescie/poznanska-37,1908#64f945d5
http://www.remobile.pl/pl/biura/warszawa-srodmiescie/predom---gorskiego-9,1982#64f945d5
http://www.remobile.pl/pl/biura/warszawa-srodmiescie/prima-court,217#64f945d5
http://www.remobile.pl/pl/biura/warszawa-praga-poludnie/promenada-business-center,332#64f945d5
http://www.remobile.pl/pl/biura/warszawa-wola/prosta-69,218#64f945d5
http://www.remobile.pl/pl/biura/warszawa-wola/prosta-office-center,219#64f945d5
http://www.remobile.pl/pl/biura/warszawa-wola/prosta-office-center-podnajem,2000#64f945d5
http://www.remobile.pl/pl/biura/warszawa-wola/prosta-tower,810#64f945d5
http://www.remobile.pl/pl/biura/warszawa-wola/proximo,1471#64f945d5
http://www.remobile.pl/pl/biura/warszawa-wola/proximo-ii,2016#64f945d5
http://www.remobile.pl/pl/biura/warszawa-praga-poludnie/pryzmat,333#64f945d5
http://www.remobile.pl/pl/biura/warszawa-srodmiescie/q22,1248#64f945d5
http://www.remobile.pl/pl/biura/warszawa-mokotow/r34,250#64f945d5
http://www.remobile.pl/pl/biura/warszawa-mokotow/r34---bta-office-building-podnajem,2009#64f945d5
http://www.remobile.pl/pl/biura/warszawa-mokotow/raclawicka-point,423#64f945d5
http://www.remobile.pl/pl/biura/warszawa-ochota/reduta-business-center,692#64f945d5
http://www.remobile.pl/pl/biura/warszawa-mokotow/rejtana-17,1887#64f945d5
http://www.remobile.pl/pl/biura/warszawa-mokotow/rejtana-17-podnajem,1924#64f945d5
http://www.remobile.pl/pl/biura/warszawa-srodmiescie/renaissance-building,222#64f945d5
http://www.remobile.pl/pl/biura/warszawa-wola/renaissance-tower,347#64f945d5
http://www.remobile.pl/pl/biura/warszawa-srodmiescie/riverside-park,223#64f945d5
http://www.remobile.pl/pl/biura/warszawa-wilanow/robyg-business-centre,1204#64f945d5
http://www.remobile.pl/pl/biura/warszawa-srodmiescie/roma-tower,1397#64f945d5
http://www.remobile.pl/pl/biura/warszawa-srodmiescie/rondo-1,224#64f945d5
http://www.remobile.pl/pl/biura/warszawa-srodmiescie/royal-trakt-offices,555#64f945d5
http://www.remobile.pl/pl/biura/warszawa-srodmiescie/royal-trakt-offices-podnajem,2006#64f945d5
http://www.remobile.pl/pl/biura/warszawa-wilanow/royal-wilanow,907#64f945d5
http://www.remobile.pl/pl/biura/warszawa-srodmiescie/rozbrat-44a,1703#64f945d5
http://www.remobile.pl/pl/biura/warszawa-srodmiescie/saski-crescent,226#64f945d5
http://www.remobile.pl/pl/biura/warszawa-srodmiescie/senatorska-35,1901#64f945d5
http://www.remobile.pl/pl/biura/warszawa-wola/sienna-center,228#64f945d5
http://www.remobile.pl/pl/biura/warszawa-srodmiescie/sienna-towers,1366#64f945d5
http://www.remobile.pl/pl/biura/warszawa-wola/skierniewicka-16---20,1993#64f945d5
http://www.remobile.pl/pl/biura/warszawa-mokotow/sky-office-center,1107#64f945d5
http://www.remobile.pl/pl/biura/warszawa-srodmiescie/skylight,146#64f945d5
http://www.remobile.pl/pl/biura/warszawa-wola/skyliner--kaleidoscope,1915#64f945d5
http://www.remobile.pl/pl/biura/warszawa-mokotow/sobieski-business-park-phase-1,1182#64f945d5
http://www.remobile.pl/pl/biura/warszawa-mokotow/solar,392#64f945d5
http://www.remobile.pl/pl/biura/warszawa-srodmiescie/solec-22,784#64f945d5
http://www.remobile.pl/pl/biura/warszawa-srodmiescie/solec-38,229#64f945d5
http://www.remobile.pl/pl/biura/warszawa-srodmiescie/solec-residence,1747#64f945d5
http://www.remobile.pl/pl/biura/warszawa-srodmiescie/spektrum-tower,232#64f945d5
http://www.remobile.pl/pl/biura/warszawa-srodmiescie/spinnaker-tower,1365#64f945d5
http://www.remobile.pl/pl/biura/warszawa-targowek/staniewicka-18,633#64f945d5
http://www.remobile.pl/pl/biura/warszawa-zoliborz/stary-zoliborz,1705#64f945d5
http://www.remobile.pl/pl/biura/warszawa-wola/stawki-40,336#64f945d5
http://www.remobile.pl/pl/biura/warszawa-mokotow/stepinska-9,1171#64f945d5
http://www.remobile.pl/pl/biura/warszawa-srodmiescie/sw-barbary-1,2020#64f945d5
http://www.remobile.pl/pl/biura/warszawa-srodmiescie/swede-center-podnajem,1939#64f945d5
http://www.remobile.pl/pl/biura/warszawa-srodmiescie/szucha-premium-offices,1904#64f945d5
http://www.remobile.pl/pl/biura/warszawa-srodmiescie/slominskiego-art-office,1994#64f945d5
http://www.remobile.pl/pl/biura/warszawa-wlochy/taifun-office-building,184#64f945d5
http://www.remobile.pl/pl/biura/warszawa-mokotow/tasmowa,1480#64f945d5
http://www.remobile.pl/pl/biura/warszawa-wlochy/the-park-warsaw,1047#64f945d5
http://www.remobile.pl/pl/biura/warszawa-srodmiescie/the-tides,1101#64f945d5
http://www.remobile.pl/pl/biura/warszawa-mokotow/topaz,280#64f945d5
http://www.remobile.pl/pl/biura/warszawa-mokotow/trinity-one,281#64f945d5
http://www.remobile.pl/pl/biura/warszawa-mokotow/trinity-park-ii,282#64f945d5
http://www.remobile.pl/pl/biura/warszawa-mokotow/trinity-park-iii,283#64f945d5
http://www.remobile.pl/pl/biura/warszawa-mokotow/tulipan-house,284#64f945d5
http://www.remobile.pl/pl/biura/warszawa-srodmiescie/ufficio-primo,518#64f945d5
http://www.remobile.pl/pl/biura/warszawa-mokotow/university-business-center-i,425#64f945d5
http://www.remobile.pl/pl/biura/warszawa-mokotow/university-business-center-ii,426#64f945d5
http://www.remobile.pl/pl/biura/warszawa-targowek/utrata-4,2018#64f945d5
http://www.remobile.pl/pl/biura/warszawa-wola/victoria,949#64f945d5
http://www.remobile.pl/pl/biura/warszawa-wlochy/vig-business-park---mistral,338#64f945d5
http://www.remobile.pl/pl/biura/warszawa-wlochy/vig-business-park---passat,358#64f945d5
http://www.remobile.pl/pl/biura/warszawa-wola/vipol-plaza-i,598#64f945d5
http://www.remobile.pl/pl/biura/warszawa-wola/vipol-plaza-ii,659#64f945d5
http://www.remobile.pl/pl/biura/warszawa-wola/vipol-plaza-iii,1265#64f945d5
http://www.remobile.pl/pl/biura/warszawa-ursynow/wan---onyx,547#64f945d5
http://www.remobile.pl/pl/biura/warszawa-srodmiescie/warsaw-corporate-center,233#64f945d5
http://www.remobile.pl/pl/biura/warszawa-srodmiescie/warsaw-financial-center,170#64f945d5
http://www.remobile.pl/pl/biura/warszawa-wola/warsaw-spire,654#64f945d5
http://www.remobile.pl/pl/biura/warszawa-srodmiescie/warsaw-towers,234#64f945d5
http://www.remobile.pl/pl/biura/warszawa-wola/warsaw-trade-tower,235#64f945d5
http://www.remobile.pl/pl/biura/warszawa-srodmiescie/warta-tower,551#64f945d5
http://www.remobile.pl/pl/biura/warszawa-bialoleka/wenecka-12,1726#64f945d5
http://www.remobile.pl/pl/biura/warszawa-ochota/west-point-120,1394#64f945d5
http://www.remobile.pl/pl/biura/warszawa-ochota/west-station-i-i-ii,1198#64f945d5
http://www.remobile.pl/pl/biura/warszawa-wlochy/white-gardens,1046#64f945d5
http://www.remobile.pl/pl/biura/warszawa-srodmiescie/wiejska-17,1833#64f945d5
http://www.remobile.pl/pl/biura/warszawa-wilanow/wilanow-business-center,429#64f945d5
http://www.remobile.pl/pl/biura/warszawa-wilanow/wilanow-office-park---budynek-b1,850#64f945d5
http://www.remobile.pl/pl/biura/warszawa-wilanow/wilanow-office-park---budynek-b3,168#64f945d5
http://www.remobile.pl/pl/biura/warszawa-mokotow/wisniowa-4040b,1363#64f945d5
http://www.remobile.pl/pl/biura/warszawa-wlochy/wisniowy-business-park-a,340#64f945d5
http://www.remobile.pl/pl/biura/warszawa-wlochy/wisniowy-business-park-d,359#64f945d5
http://www.remobile.pl/pl/biura/warszawa-wlochy/wisniowy-business-park-e,360#64f945d5
http://www.remobile.pl/pl/biura/warszawa-wlochy/wisniowy-business-park-f,343#64f945d5
http://www.remobile.pl/pl/biura/warszawa-wola/wola-center---przyokopowa-33-podnajem,2036#64f945d5
http://www.remobile.pl/pl/biura/warszawa-wola/wola-court,344#64f945d5
http://www.remobile.pl/pl/biura/warszawa-wola/wola-plaza,345#64f945d5
http://www.remobile.pl/pl/biura/warszawa-srodmiescie/wolf-marszalkowska,161#64f945d5
http://www.remobile.pl/pl/biura/warszawa-srodmiescie/wolf-nullo,236#64f945d5
http://www.remobile.pl/pl/biura/warszawa-srodmiescie/wolf-zielna,237#64f945d5
http://www.remobile.pl/pl/biura/warszawa-mokotow/woloska-24,1645#64f945d5
http://www.remobile.pl/pl/biura/warszawa-wola/wronia-31,1892#64f945d5
http://www.remobile.pl/pl/biura/warszawa-srodmiescie/wspolna-35,1735#64f945d5
http://www.remobile.pl/pl/biura/warszawa-srodmiescie/wspolna-4749,238#64f945d5
http://www.remobile.pl/pl/biura/warszawa-srodmiescie/yours-house,239#64f945d5
http://www.remobile.pl/pl/biura/warszawa/zakopianska-8,2007#64f945d5
http://www.remobile.pl/pl/biura/warszawa-srodmiescie/zaulek-piekna,240#64f945d5
http://www.remobile.pl/pl/biura/warszawa-srodmiescie/zebra-tower,241#64f945d5
http://www.remobile.pl/pl/biura/warszawa-mokotow/zepter-business-center,286#64f945d5
http://www.remobile.pl/pl/biura/warszawa-bielany/zeromskiego-17,1744#64f945d5
http://www.remobile.pl/pl/biura/warszawa-zoliborz/zoliborz-one,1105#64f945d5
http://www.remobile.pl/pl/biura/warszawa-zoliborz/zoliborz-one-podnajem,2015#64f945d5
http://www.remobile.pl/pl/biura/warszawa-srodmiescie/zurawia-3234,964#64f945d5
http://www.remobile.pl/pl/biura/warszawa-wlochy/lopuszanska-business-park-podnajem,1889#64f945d5
http://www.remobile.pl/pl/biura/warszawa-mokotow/lowicka-62,2010#64f945d5
http://www.remobile.pl/pl/biura/warszawa-wola/lucka-city,1927#64f945d5
http://www.remobile.pl/pl/biura/szczecin/baltic-business-park-phase-1,842#55d4c9da
http://www.remobile.pl/pl/biura/szczecin/baltic-business-park-phase-2,1207#55d4c9da
http://www.remobile.pl/pl/biura/szczecin/brama-portowa-grzybek,860#55d4c9da
http://www.remobile.pl/pl/biura/szczecin/brama-portowa-poczta,859#55d4c9da
http://www.remobile.pl/pl/biura/szczecin/hanza-tower,1851#55d4c9da
http://www.remobile.pl/pl/biura/szczecin/kosmos-art--business-center,1852#55d4c9da
http://www.remobile.pl/pl/biura/szczecin/lastadia-office,890#55d4c9da
http://www.remobile.pl/pl/biura/szczecin/mazowiecka-office,938#55d4c9da
http://www.remobile.pl/pl/biura/szczecin/oxygen,853#55d4c9da
http://www.remobile.pl/pl/biura/szczecin/pazim,845#55d4c9da
http://www.remobile.pl/pl/biura/szczecin/piastow-office-center,937#55d4c9da
http://www.remobile.pl/pl/biura/szczecin/storrady-park-offices,1850#55d4c9da
http://www.remobile.pl/pl/biura/gdansk/alchemia-i-phase,941#f2598360
http://www.remobile.pl/pl/biura/gdansk/alchemia-ii-phase,1629#f2598360
http://www.remobile.pl/pl/biura/gdansk/alchemia-iii-phase,1783#f2598360
http://www.remobile.pl/pl/biura/gdansk/arkonska-business-park-i-phase,545#f2598360
http://www.remobile.pl/pl/biura/gdansk/bcb-business-park,910#f2598360
http://www.remobile.pl/pl/biura/gdansk/bcb-business-park-b2,1797#f2598360
http://www.remobile.pl/pl/biura/gdansk/biurowiec-jaskowka,815#f2598360
http://www.remobile.pl/pl/biura/gdansk/c200-office,1654#f2598360
http://www.remobile.pl/pl/biura/gdansk/centromor,740#f2598360
http://www.remobile.pl/pl/biura/gdansk/centrum-biurowe-mp-100,1114#f2598360
http://www.remobile.pl/pl/biura/gdansk/centrum-biurowe-neptun,1003#f2598360
http://www.remobile.pl/pl/biura/gdansk/fregata,921#f2598360
http://www.remobile.pl/pl/biura/gdansk/garnizon---omega,-gamma,855#f2598360
http://www.remobile.pl/pl/biura/gdansk/garnizon-business-space,542#f2598360
http://www.remobile.pl/pl/biura/gdansk/garnizon-szymanowskiego,1799#f2598360
http://www.remobile.pl/pl/biura/gdansk/green-office,1702#f2598360
http://www.remobile.pl/pl/biura/gdansk/grunwaldzka-413,584#f2598360
http://www.remobile.pl/pl/biura/gdansk/hallera-140,1563#f2598360
http://www.remobile.pl/pl/biura/gdansk/heweliusza-18,1984#f2598360
http://www.remobile.pl/pl/biura/gdansk/kolobrzeska-12,1860#f2598360
http://www.remobile.pl/pl/biura/gdansk/madison,1826#f2598360
http://www.remobile.pl/pl/biura/gdansk/morski-park-handlowy,930#f2598360
http://www.remobile.pl/pl/biura/gdansk/nordika,1405#f2598360
http://www.remobile.pl/pl/biura/gdansk/office-island,685#f2598360
http://www.remobile.pl/pl/biura/gdansk/office-kokoszki,1980#f2598360
http://www.remobile.pl/pl/biura/gdansk/oliva-business-park---alfa,691#f2598360
http://www.remobile.pl/pl/biura/gdansk/olivia-business-centre---olivia-four,1398#f2598360
http://www.remobile.pl/pl/biura/gdansk/olivia-business-centre---olivia-six,1537#f2598360
http://www.remobile.pl/pl/biura/gdansk/opera-office,943#f2598360
http://www.remobile.pl/pl/biura/gdansk/pasaz-przymorze---kolobrzeska-32,560#f2598360
http://www.remobile.pl/pl/biura/gdansk/piano-house,1161#f2598360
http://www.remobile.pl/pl/biura/gdansk/podnajem-arkonska-pierwsze-pietro-budynek-a5,1701#f2598360
http://www.remobile.pl/pl/biura/gdansk/pomerania-office,1785#f2598360
http://www.remobile.pl/pl/biura/gdansk/sadowa-business-park,562#f2598360
http://www.remobile.pl/pl/biura/gdansk/siennicka,1905#f2598360
http://www.remobile.pl/pl/biura/gdansk/skwer-morena,942#f2598360
http://www.remobile.pl/pl/biura/gdansk/tartaczna,1635#f2598360
http://www.remobile.pl/pl/biura/gdansk/tryton-business-house,1246#f2598360
http://www.remobile.pl/pl/biura/gdansk/wan---slaska,1031#f2598360
http://www.remobile.pl/pl/biura/gdansk/waterside,861#f2598360
http://www.remobile.pl/pl/biura/sopot/budynek-ndi,636#ed7dcc4f
http://www.remobile.pl/pl/biura/sopot/good-point-761,1395#ed7dcc4f
http://www.remobile.pl/pl/biura/sopot/rzemieslnicza-1719,882#ed7dcc4f
http://www.remobile.pl/pl/biura/gdynia/akwarium,1295#f88edab8
http://www.remobile.pl/pl/biura/gdynia/alfa-plaza,538#f88edab8
http://www.remobile.pl/pl/biura/gdynia/centrum-biurowe-hossa,553#f88edab8
http://www.remobile.pl/pl/biura/gdynia/centrum-handlowe-batory,1007#f88edab8
http://www.remobile.pl/pl/biura/gdynia/centrum-kwiatkowskiego,554#f88edab8
http://www.remobile.pl/pl/biura/gdynia/chipolbrok,556#f88edab8
http://www.remobile.pl/pl/biura/gdynia/city-arcade,557#f88edab8
http://www.remobile.pl/pl/biura/gdynia/enter,1439#f88edab8
http://www.remobile.pl/pl/biura/gdynia/gdynskie-centrum-biznesu,558#f88edab8
http://www.remobile.pl/pl/biura/gdynia/sanipor,822#f88edab8
http://www.remobile.pl/pl/biura/gdynia/sanipor---sportowa-centrum,873#f88edab8
http://www.remobile.pl/pl/biura/gdynia/tensor-x,1482#f88edab8
http://www.remobile.pl/pl/biura/gdynia/tensor-y,1515#f88edab8
http://www.remobile.pl/pl/biura/gdynia/luzycka-office-park-b,563#f88edab8
http://www.remobile.pl/pl/biura/gdynia/luzycka-office-park-d,565#f88edab8
http://www.remobile.pl/pl/biura/gdynia/luzycka-plus,1162#f88edab8
http://www.remobile.pl/pl/biura/olsztyn/business-polonia,1581#8908c3cb
http://www.remobile.pl/pl/biura/olsztyn/cezal-office-center,1637#8908c3cb
http://www.remobile.pl/pl/biura/bydgoszcz/biznes-park-kraszewskiego,1427#c00d1a74
http://www.remobile.pl/pl/biura/bydgoszcz/centrum-biznesowe-fordonska-2-i-phase,1457#c00d1a74
http://www.remobile.pl/pl/biura/bydgoszcz/centrum-przyrzecze,1421#c00d1a74
http://www.remobile.pl/pl/biura/bydgoszcz/dh-jedynak,1431#c00d1a74
http://www.remobile.pl/pl/biura/bydgoszcz/f262,1429#c00d1a74
http://www.remobile.pl/pl/biura/bydgoszcz/galeria-arkada,1442#c00d1a74
http://www.remobile.pl/pl/biura/bydgoszcz/grottgera-4,1430#c00d1a74
http://www.remobile.pl/pl/biura/bydgoszcz/interkol,1423#c00d1a74
http://www.remobile.pl/pl/biura/bydgoszcz/ml-office,1453#c00d1a74
http://www.remobile.pl/pl/biura/bydgoszcz/scanpark-business-center-danhouse,1435#c00d1a74
http://www.remobile.pl/pl/biura/bydgoszcz/szubinska-29--office-hause,1215#c00d1a74
http://www.remobile.pl/pl/biura/torun/nowy-arsenal-business-center,1416#7c0f30fc
http://www.remobile.pl/pl/biura/wroclaw/asco-business-centre,567#a54c9e9e
http://www.remobile.pl/pl/biura/wroclaw/bema-plaza,568#a54c9e9e
http://www.remobile.pl/pl/biura/wroclaw/beta-centre,1053#a54c9e9e
http://www.remobile.pl/pl/biura/wroclaw/bielany-business-point,1961#a54c9e9e
http://www.remobile.pl/pl/biura/wroclaw/braniborska,1960#a54c9e9e
http://www.remobile.pl/pl/biura/wroclaw/business-garden-wroclaw,1220#a54c9e9e
http://www.remobile.pl/pl/biura/wroclaw/cuprum-novum,572#a54c9e9e
http://www.remobile.pl/pl/biura/wroclaw/dom-handlowy-kameleon,1897#a54c9e9e
http://www.remobile.pl/pl/biura/wroclaw/dominikanski,1217#a54c9e9e
http://www.remobile.pl/pl/biura/wroclaw/dlugosza-business-park,1051#a54c9e9e
http://www.remobile.pl/pl/biura/wroclaw/globis-wroclaw,570#a54c9e9e
http://www.remobile.pl/pl/biura/wroclaw/green-2day,1955#a54c9e9e
http://www.remobile.pl/pl/biura/wroclaw/grunwaldzki-center-podnajem,1925#a54c9e9e
http://www.remobile.pl/pl/biura/wroclaw/kielbasnicza-28,748#a54c9e9e
http://www.remobile.pl/pl/biura/wroclaw/komandorska-12,1846#a54c9e9e
http://www.remobile.pl/pl/biura/wroclaw/komples-magazynowo-biurowy-atal,578#a54c9e9e
http://www.remobile.pl/pl/biura/wroclaw/legnicka-62,1580#a54c9e9e
http://www.remobile.pl/pl/biura/wroclaw/legnicka-business-house,1057#a54c9e9e
http://www.remobile.pl/pl/biura/wroclaw/lotnicza-24,2048#a54c9e9e
http://www.remobile.pl/pl/biura/wroclaw/m5--michalczyka-5,1987#a54c9e9e
http://www.remobile.pl/pl/biura/wroclaw/millennium-tower-iii,956#a54c9e9e
http://www.remobile.pl/pl/biura/wroclaw/nicolas-business-center,1662#a54c9e9e
http://www.remobile.pl/pl/biura/wroclaw/nobilis-business-house,1564#a54c9e9e
http://www.remobile.pl/pl/biura/wroclaw/north-office,1143#a54c9e9e
http://www.remobile.pl/pl/biura/wroclaw/nowy-alexanderhaus,1900#a54c9e9e
http://www.remobile.pl/pl/biura/wroclaw/omex,1054#a54c9e9e
http://www.remobile.pl/pl/biura/wroclaw/oniro,1282#a54c9e9e
http://www.remobile.pl/pl/biura/wroclaw/ovo--na-sprzedaz,755#a54c9e9e
http://www.remobile.pl/pl/biura/wroclaw/olawska-prestige,912#a54c9e9e
http://www.remobile.pl/pl/biura/wroclaw/pasaz-pod-blekitnym-sloncem,710#a54c9e9e
http://www.remobile.pl/pl/biura/wroclaw/pasaz-pokoyhof,1032#a54c9e9e
http://www.remobile.pl/pl/biura/wroclaw/pegaz,1163#a54c9e9e
http://www.remobile.pl/pl/biura/wroclaw/perydot,1791#a54c9e9e
http://www.remobile.pl/pl/biura/wroclaw/plac-strzelecki,1278#a54c9e9e
http://www.remobile.pl/pl/biura/wroclaw/platon,849#a54c9e9e
http://www.remobile.pl/pl/biura/wroclaw/pod-zlotym-debem,1290#a54c9e9e
http://www.remobile.pl/pl/biura/wroclaw/promenady-business-park,1358#a54c9e9e
http://www.remobile.pl/pl/biura/wroclaw/quattro-forum,585#a54c9e9e
http://www.remobile.pl/pl/biura/wroclaw/raclawicka-biznes-centrum,2047#a54c9e9e
http://www.remobile.pl/pl/biura/wroclaw/renaissance-business-centre,586#a54c9e9e
http://www.remobile.pl/pl/biura/wroclaw/retro-office-house,1835#a54c9e9e
http://www.remobile.pl/pl/biura/wroclaw/robotnicza-office-house,1055#a54c9e9e
http://www.remobile.pl/pl/biura/wroclaw/ruska-1112,724#a54c9e9e
http://www.remobile.pl/pl/biura/wroclaw/ruska-2021,725#a54c9e9e
http://www.remobile.pl/pl/biura/wroclaw/ruska-41lokale-na-sprzedaz,846#a54c9e9e
http://www.remobile.pl/pl/biura/wroclaw/rynek-1,1584#a54c9e9e
http://www.remobile.pl/pl/biura/wroclaw/rzeznicza-16,1235#a54c9e9e
http://www.remobile.pl/pl/biura/wroclaw/sigittarius,1834#a54c9e9e
http://www.remobile.pl/pl/biura/wroclaw/silver-forum,587#a54c9e9e
http://www.remobile.pl/pl/biura/wroclaw/sky-tower,946#a54c9e9e
http://www.remobile.pl/pl/biura/wroclaw/south-gardens,2046#a54c9e9e
http://www.remobile.pl/pl/biura/wroclaw/sw-elzbiety-4,766#a54c9e9e
http://www.remobile.pl/pl/biura/wroclaw/szewska-centrum,774#a54c9e9e
http://www.remobile.pl/pl/biura/wroclaw/times,929#a54c9e9e
http://www.remobile.pl/pl/biura/wroclaw/trakt-kupiecki,777#a54c9e9e
http://www.remobile.pl/pl/biura/wroclaw/twelve,1854#a54c9e9e
http://www.remobile.pl/pl/biura/wroclaw/ultranet-strzegomska-138,1632#a54c9e9e
http://www.remobile.pl/pl/biura/wroclaw/vega-center-grabiszynska-office-center,1279#a54c9e9e
http://www.remobile.pl/pl/biura/wroclaw/verity-business-centre,754#a54c9e9e
http://www.remobile.pl/pl/biura/wroclaw/west-house---1a,709#a54c9e9e
http://www.remobile.pl/pl/biura/wroclaw/wita-stwosza-1-2,1583#a54c9e9e
http://www.remobile.pl/pl/biura/wroclaw/wratislavia-tower,744#a54c9e9e
http://www.remobile.pl/pl/biura/wroclaw/wroclavia,1941#a54c9e9e
http://www.remobile.pl/pl/biura/wroclaw/wroclaw-101,1646#a54c9e9e
http://www.remobile.pl/pl/biura/wroclaw/wroclawski-park-biznesu-i,592#a54c9e9e
http://www.remobile.pl/pl/biura/wroclaw/wroclawski-park-biznesu-ii,593#a54c9e9e
http://www.remobile.pl/pl/biura/wroclaw/wroclawski-park-biznesu-iii,1636#a54c9e9e
http://www.remobile.pl/pl/biura/lodz/alexander-plaza,500#5dd9667
http://www.remobile.pl/pl/biura/lodz/armada-business-park,869#5dd9667
http://www.remobile.pl/pl/biura/lodz/biurowe-centrum-biznesu-bcb,1737#5dd9667
http://www.remobile.pl/pl/biura/lodz/business-house,508#5dd9667
http://www.remobile.pl/pl/biura/lodz/centrum-biurowe-cleaner,1455#5dd9667
http://www.remobile.pl/pl/biura/lodz/centrum-biurowe-targowa-35,1490#5dd9667
http://www.remobile.pl/pl/biura/lodz/centrum-biurowe-zenit,516#5dd9667
http://www.remobile.pl/pl/biura/lodz/centrum-biznesowe-faktoria,492#5dd9667
http://www.remobile.pl/pl/biura/lodz/centrum-biznesowe-stanley,688#5dd9667
http://www.remobile.pl/pl/biura/lodz/centrum-biznesowe-synergia,502#5dd9667
http://www.remobile.pl/pl/biura/lodz/centrum-biznesu-pracownia-1113,980#5dd9667
http://www.remobile.pl/pl/biura/lodz/centrum-biznesu-lodz,493#5dd9667
http://www.remobile.pl/pl/biura/lodz/cotton-house,847#5dd9667
http://www.remobile.pl/pl/biura/lodz/cross-point-lodz-b,1232#5dd9667
http://www.remobile.pl/pl/biura/lodz/dowborczykow,1660#5dd9667
http://www.remobile.pl/pl/biura/lodz/drukarnia-center--gdanska-130,1943#5dd9667
http://www.remobile.pl/pl/biura/konstantynow-lodzki/eureka-technology-park,1525#5dd9667
http://www.remobile.pl/pl/biura/lodz/fabryka,650#5dd9667
http://www.remobile.pl/pl/biura/lodz/fabryka-lnu,785#5dd9667
http://www.remobile.pl/pl/biura/lodz/gdanska-4749,525#5dd9667
http://www.remobile.pl/pl/biura/lodz/glob-center--lodz,1706#5dd9667
http://www.remobile.pl/pl/biura/lodz/green-horizon,1038#5dd9667
http://www.remobile.pl/pl/biura/lodz/gtr-business-point-|-strykow,-sosnowiec-30,2021#5dd9667
http://www.remobile.pl/pl/biura/lodz/inter-mar,906#5dd9667
http://www.remobile.pl/pl/biura/lodz/jaracza-52,1661#5dd9667
http://www.remobile.pl/pl/biura/lodz/jaracza-prestige,164#5dd9667
http://www.remobile.pl/pl/biura/lodz/kopcinskiego-79,1708#5dd9667
http://www.remobile.pl/pl/biura/lodz/media-hub,1067#5dd9667
http://www.remobile.pl/pl/biura/lodz/monnari-hq,501#5dd9667
http://www.remobile.pl/pl/biura/lodz/ogrodowa-office,1881#5dd9667
http://www.remobile.pl/pl/biura/lodz/orion-business-tower,494#5dd9667
http://www.remobile.pl/pl/biura/lodz/papiernicza-7,1120#5dd9667
http://www.remobile.pl/pl/biura/lodz/prometeon-lodz,1130#5dd9667
http://www.remobile.pl/pl/biura/lodz/przedzalnia-braci-muehle,697#5dd9667
http://www.remobile.pl/pl/biura/lodz/real-office,899#5dd9667
http://www.remobile.pl/pl/biura/lodz/sterlinga-business-center,617#5dd9667
http://www.remobile.pl/pl/biura/lodz/symetris-business-park-aurus,495#5dd9667
http://www.remobile.pl/pl/biura/lodz/unicity-universal,506#5dd9667
http://www.remobile.pl/pl/biura/lodz/university-business-park-a,517#5dd9667
http://www.remobile.pl/pl/biura/lodz/university-business-park-b,1310#5dd9667
http://www.remobile.pl/pl/biura/lodz/wersalska-4775,1418#5dd9667
http://www.remobile.pl/pl/biura/lodz/willa-schmidta,1456#5dd9667
http://www.remobile.pl/pl/biura/lodz/wiwa-office-square,1742#5dd9667
http://www.remobile.pl/pl/biura/lodz/zeligowskiego-46,1597#5dd9667